GEOID,obesity_cr
36047019500,22.4
36047120200,22.8
36047054900,20.4
36047068600,21.6
36081043900,32.6
36061024700,23.3
36061003400,19.7
36005011800,20.8
6037103101,24.7
6037190801,31.5
36047051800,24.8
6037106645,22.3
36081013600,23.8
36047100600,29.9
36047002000,27.8
6037217200,29.1
36047051900,17.7
36081009400,26.0
36005025100,34.3
36085014100,31.6
36047095400,29.3
36047043000,22.2
6037222100,31.3
36085009602,27.8
36081025302,23.7
36047016500,17.5
36047024900,27.6
36061003601,20.9
6037203100,33.9
36061003800,16.1
36005033700,20.1
36047020800,18.8
36085030302,31.6
6037189902,22.5
6037117303,24.0
36081005200,25.0
6037125320,26.9
36047075200,17.6
6037215101,20.4
36081141700,18.5
36005021301,33.5
36047083800,29.1
36047042800,20.5
6037109601,24.9
36081001400,26.7
6037189101,21.5
6037183520,30.8
36047046400,25.4
36047076400,28.0
36047089600,33.4
36081120500,21.7
36081011300,22.4
36081067100,22.3
36081124700,20.5
6037269602,29.0
36005004400,37.0
36081086500,20.2
36047085600,30.8
36081046200,26.6
36005038700,32.0
6037191203,29.8
36047026300,31.4
36081011900,23.9
36005007700,34.2
36047082600,30.9
36047102000,27.3
6037108202,18.0
36029016500,31.6
36047024300,25.9
36047088200,31.7
6037265305,19.0
36081047300,19.5
36081118500,21.7
36005027300,30.5
36047016600,19.5
36061002700,12.5
6037239202,35.8
36061020000,24.6
36081016600,26.9
36047047000,23.6
6037294200,30.1
36029000110,34.3
36081074300,21.7
6037271801,23.0
36047093000,31.0
6037183402,23.4
36081035300,31.9
36047066000,20.0
36047070600,19.9
36081036800,34.0
36081006502,23.2
36081002500,40.2
36061020701,16.7
6037122122,32.5
36047009600,26.7
6037124105,29.4
36029004900,30.6
36081062100,25.9
36047005900,22.7
6037237401,36.5
6037208620,25.2
36081085700,20.3
36047035300,30.7
36047022800,24.8
36047006200,20.3
36047092000,36.7
6037185204,22.5
36005009000,33.8
36047105804,30.6
6037194200,22.2
36081040700,31.9
6037212502,20.6
36047078200,30.2
36047073600,29.0
6037127803,30.8
36081097204,33.8
36047075600,18.8
36081063900,24.5
36047083600,31.0
36061009300,19.9
36061022600,27.7
36047087200,33.2
36005029302,20.8
36047007000,21.8
36047096200,29.5
36005023100,38.3
36061011201,16.5
36047028100,35.0
36081068300,21.7
36081049500,24.5
36061008100,17.0
36085013400,29.9
36047037900,33.3
36081019200,31.2
36061017300,17.9
36085013800,30.1
36047031900,29.0
36081077906,21.2
36081014100,24.4
6037234901,41.6
36081025400,35.9
36081009500,22.3
6037197600,23.1
36047027500,29.2
36081084500,22.8
36081095400,32.6
6037265202,19.9
6037274100,21.2
36047044800,22.1
36005015900,35.6
36047033600,22.5
36061000900,14.2
36081083800,24.9
36081053100,26.6
36047095000,29.5
6037183101,26.9
6037206200,28.9
36081026400,35.8
6037209200,24.4
36081052100,26.4
36005003500,33.6
36047073000,27.1
36047069601,24.5
6037276603,21.5
36081116100,20.2
6037134520,29.6
6037194402,22.1
36005006300,30.4
36081057900,24.9
36047056300,21.8
36005006900,33.3
6037192620,29.8
6037186203,22.2
36081092800,21.5
6037201700,26.2
6037191000,26.1
6037199400,28.3
36047048500,20.4
6037134710,29.3
6037267901,18.7
36081018200,32.2
36047027400,19.5
36081157902,17.4
36005008700,34.5
6037195400,22.6
6037137501,22.4
6037211420,24.6
36085017005,26.7
36085007500,35.3
36047095800,28.9
36085029102,30.4
6037125310,27.0
36061014602,15.5
36081146300,19.5
36061011402,15.8
6037139703,22.1
36047052300,24.5
36081117500,20.0
36081063302,24.5
36047008800,21.7
36081099703,20.1
36047042100,28.5
6037270100,21.0
36005038100,33.1
6037204300,35.5
36081023600,23.9
36047036700,30.7
36061014700,13.9
36047022400,25.4
36081016400,27.8
36047052500,25.9
36081099200,35.7
6037122420,29.7
36081001600,26.0
36081011800,26.1
36047044900,33.3
6037102107,24.5
36047101600,27.2
6037271300,21.0
36047021500,24.0
36047006500,18.2
36005000400,28.2
36047001100,18.0
36081134700,20.1
6037108103,18.9
36085000900,40.2
36029004500,29.8
36047035601,21.5
36047063600,20.6
36047031100,31.9
36061019500,18.1
36081050000,34.0
6037272302,26.6
36047093600,29.0
36047033100,25.5
36047049500,19.1
36047010800,18.5
6037209820,36.7
36061027100,23.2
36081045900,20.4
6037297000,24.6
36081069000,33.3
36061007000,14.3
36081071702,22.0
36047079000,32.9
36005028300,34.3
6037271600,18.8
36081032700,27.4
6037273300,27.5
6037296210,33.8
36047091800,34.5
36047039900,28.6
36081063800,30.3
36047034700,32.3
36061013400,16.5
36081012601,26.3
6037128602,24.9
36061013800,15.6
36081088400,25.0
6037273200,26.7
6037106407,32.8
36085020700,38.5
36047004400,18.0
36081055100,26.1
36085000600,30.6
36081026600,37.2
36047016100,20.3
36081001200,26.2
36081071304,23.6
6037120300,25.2
36081039400,34.1
6037135102,22.4
6037101220,29.2
36061016600,26.0
36081155101,18.0
36081000100,19.3
6037276604,20.8
36047033300,26.0
36081075701,19.0
36047038700,32.0
6037128702,22.7
36005039800,30.1
36005044200,33.0
36081026300,21.6
36047072000,28.3
36029007102,41.1
6037226410,36.6
36005022403,29.4
36047084800,29.4
36061000800,14.7
6037237101,37.3
36085014604,29.2
36047013200,22.7
36005019500,34.2
6037241400,36.9
36081017000,29.2
36047109800,31.4
6037264302,19.9
6037107020,28.2
36061002900,17.6
6037270200,26.7
36047074000,28.0
36005039400,35.4
36047033000,31.9
36047022700,26.2
36047027900,29.4
36081065600,31.8
36005029600,18.5
36029001100,33.4
36081032000,33.6
6037109400,26.2
36047027100,29.8
36081036600,34.0
36081030600,34.1
36085011201,30.9
36047045600,23.0
6037297110,33.0
36047017200,19.1
6037143100,23.1
36061017800,25.0
36005034000,30.7
36081091601,22.1
36047077200,26.0
36081020600,31.2
36081113300,20.5
6037189202,20.7
36061026500,21.8
6037111400,24.5
6037132300,28.2
36081094201,29.2
36085015603,30.4
36047035602,20.8
36081119900,20.8
36061013300,17.1
36029006602,28.2
36047070000,21.1
6037101110,26.9
36081053800,33.0
36005005400,33.4
36081015200,28.8
36047050801,32.9
36081143500,18.9
36047019100,22.3
6037239501,36.1
6037212101,20.5
36081050500,21.1
36081065900,23.3
36047120800,31.6
36005044902,22.2
6037121600,22.2
36005009600,28.2
36061016100,16.8
6037134522,33.1
6037980019,20.7
6037134201,26.3
36061014402,15.7
6037262601,20.2
36047057000,18.4
6037204700,31.0
36081012200,25.5
36081001000,25.9
36005020200,28.4
6037221303,32.4
36081059500,26.6
36081066900,22.6
36081102900,22.8
36081065400,32.5
36047026000,17.9
36029016600,47.5
36081103201,37.2
36081097300,22.8
36081071701,22.5
36081063200,32.5
36081083700,18.4
36047032600,30.3
6037214800,20.3
6037231210,37.1
6037272100,24.3
36081114700,20.6
36005037504,37.2
36081093402,24.6
36061030700,20.9
36005023000,28.6
36047085800,31.0
6037269500,20.1
36047064800,21.6
36081018101,24.7
36005008900,34.7
36085023900,34.5
36047065000,23.9
36047082800,31.7
6037191204,28.3
6037239201,36.1
36047049600,19.2
6037267700,18.8
36061012800,16.2
6037228410,35.6
36005040702,30.5
36005016500,36.5
6037265303,20.1
36061015801,14.7
6037137201,23.3
36081015600,23.7
36005003900,34.0
36081049302,24.6
36061019000,25.9
36047011000,23.9
36047044600,20.7
6037189201,24.2
36047114400,33.9
36085015100,29.4
36081086300,20.1
36081004001,26.7
6037224410,24.6
36081006300,21.8
36005026701,28.4
6037224700,21.4
6037232400,34.5
6037275311,21.4
36081144100,19.4
6037113237,22.8
36047061200,20.2
6037181400,22.5
36081006900,23.9
36085023100,33.8
36047054200,22.7
36047065200,19.3
36005025200,23.3
6037269904,21.2
36081018502,22.6
6037141202,22.7
36061011300,18.3
6037239601,35.8
6037271702,18.8
36047049000,22.4
6037269800,22.3
36061012400,14.9
36061007600,12.8
6037186100,21.7
6037218500,32.7
6037294510,31.8
36005006700,35.4
6037186202,21.7
6037277100,21.7
36081014800,24.9
36029004800,27.0
36047051200,29.9
36005006100,29.8
36081027000,35.6
36005021602,30.3
36061015400,16.5
36047062200,21.1
36061021200,25.3
36047056500,18.8
36081040000,32.3
36061026100,26.6
6037132101,25.2
36061018600,31.5
36047059402,19.0
6037212900,27.9
36081016100,23.0
36081042400,31.6
36047086200,34.0
36081020200,29.8
6037262604,19.8
36047101200,28.4
6037267200,19.6
6037228420,35.6
36081061601,32.4
36005028900,25.7
36081066000,34.0
6037206032,29.5
36085014607,29.4
36005013300,34.2
36081145101,20.9
36085027900,26.7
36081048300,20.8
36047024500,28.2
6037265602,19.9
6037214902,20.0
6037120106,34.0
36081050400,33.4
36081002600,27.3
36047064200,21.6
6037139801,20.6
6037218300,31.6
6037262301,19.0
6037104401,31.2
36047018600,18.9
36029006800,30.8
36081025900,21.6
36081036500,33.6
6037133000,27.5
36081036700,32.7
36081012000,22.7
36085013204,29.6
36029004402,49.1
6037106405,33.3
36047054500,32.0
36081029500,22.2
36005026702,31.4
36081013700,21.8
36047040800,17.7
6037296600,33.0
36081018900,22.8
36081009100,25.4
36085017700,25.4
36047030400,19.6
6037131400,26.1
36081077907,26.1
36061015602,23.1
36047019300,23.0
36047014500,20.7
36081055300,29.1
36081147100,20.2
36005027700,31.0
6037128910,22.9
36085017011,29.4
6037141201,23.4
6037214901,21.9
6037191720,33.2
6037231710,37.6
36047037700,31.6
36081011100,22.3
36047012700,29.7
36061013000,16.3
36081117100,21.1
6037228210,36.8
6037117530,29.3
36005034800,31.1
36047033700,25.4
36047092400,34.9
6037213201,26.4
6037131100,27.0
6037228600,37.8
36047049400,22.8
36047043900,29.0
6037221820,17.9
6037240800,36.6
6037195100,20.7
36005008600,33.6
36047099200,28.5
36081081800,30.1
36061028700,24.4
6037271802,21.0
6037109603,28.3
6037238310,39.1
6037204910,33.8
6037186403,25.3
36081042700,31.0
6037199120,29.7
36047016000,20.7
6037195300,23.2
36081000600,26.9
6037194500,20.7
6037124600,23.0
6037132700,28.2
36047015700,18.1
6037234600,34.5
6037278001,24.5
36047082200,32.1
6037236400,31.0
36047015200,19.0
6037237402,34.2
6037203800,33.4
36047019000,21.4
6037211121,22.5
6037123301,24.9
6037269300,20.0
36005024502,35.7
36005037600,30.5
6037120104,29.2
6037197500,23.7
36081000400,29.2
36005017300,35.6
6037199800,27.4
6037121020,26.4
36081060000,31.5
6037124700,22.8
36047026800,21.6
36061021600,25.6
36005031800,23.5
36047042400,21.3
36047018501,35.5
36085017009,29.6
36081050600,33.9
6037220000,34.1
6037211910,26.7
6037104310,31.0
36081020500,29.5
36047006900,18.0
36047021700,25.6
36085031901,43.4
36081069701,21.7
6037127806,31.9
36081139900,18.3
36081046600,23.5
36081094203,28.3
36047023300,28.3
36061023801,17.7
36081013200,26.9
6037143901,21.2
6037143604,20.9
36081066701,25.8
6037291210,29.8
36047054700,27.8
36047014700,21.9
36047055200,20.7
6037269906,20.1
36047054600,22.0
36047014300,19.4
36061023000,31.7
6037271100,20.8
36005035800,30.6
36081029700,22.3
36081059000,31.0
36047070201,19.3
6037189102,20.8
6037294421,30.8
36047079400,33.1
36047072800,29.2
36047114202,28.9
36005041100,30.6
6037119341,26.2
36005040600,33.7
36029003500,46.9
6037201110,28.8
36047050804,28.8
36047039400,22.8
36061010601,16.0
6037111202,22.5
6037117102,26.9
36081129104,20.4
6037188300,20.8
36081116300,21.9
36047100800,28.7
6037214400,21.3
6037297300,23.7
36029000600,29.6
36081021200,31.8
36061023100,27.4
6037187300,21.6
6037139504,24.9
6037218702,34.1
36081097203,40.0
36085009601,27.7
36047056400,19.7
36081046800,25.3
6037104403,31.1
36081013500,24.5
36081027800,37.4
36061016300,16.9
36047039000,22.1
6037104822,30.4
6037190901,30.7
6037117404,26.1
36047041300,30.3
6037219020,32.7
36081050201,31.4
36081162100,22.2
36081069400,33.4
36061010900,11.0
36005031000,22.7
6037221710,29.9
6037127605,33.5
36081080302,20.0
36047120000,31.8
36081048500,17.2
6037204810,33.1
36047040900,30.8
36081044400,30.7
36047005000,18.3
36047004100,20.1
36047025800,21.5
36061022400,31.5
36047031702,25.7
6037117407,35.4
36005005600,33.2
36061018900,26.0
36005022500,34.1
36005020000,26.3
36047058900,19.1
6037109700,23.6
36081129102,20.5
6037194300,22.1
6037240500,37.7
36047023600,25.0
6037128101,28.9
36047118201,26.6
36005042400,30.5
36005033800,32.0
6037183103,27.2
6037239802,36.1
36081026902,22.1
36081020400,30.8
6037103300,23.0
6037123010,35.5
6037201503,32.2
36005029700,19.0
36081109900,22.2
6037231300,33.4
6037183810,31.2
36085012805,30.6
36005043000,31.6
36061031704,14.9
36061025300,26.4
6037213402,30.3
36061007400,13.9
36047040000,20.6
36047004700,20.8
36047018100,20.4
6037239801,35.9
6037109100,23.6
36061023501,27.5
36029000500,38.6
36081063700,24.8
6037240600,37.8
6037131020,27.8
6037293201,24.9
6037269903,21.8
36061011800,16.2
6037127102,29.8
36085027706,28.1
36047039700,31.9
36081030902,23.3
6037104703,33.5
36061016800,28.9
36047029800,19.5
6037212410,22.3
36061007100,15.6
36047059300,20.3
36081014700,21.9
36047044500,23.6
36047056900,19.1
36061010200,17.6
36047086600,31.1
6037226001,37.5
36047062600,20.2
36047015900,19.0
36047090200,34.6
36029001500,44.6
36047052800,19.1
36061014900,15.8
36047024600,21.0
6037189702,23.0
6037127606,27.9
36047044200,20.2
6037207302,26.7
36005039100,32.5
6037219800,34.5
36081061200,31.0
36047025700,26.8
36081094700,26.0
6037115403,26.8
36081019000,32.2
36005001900,31.9
36047047800,24.7
36047053400,25.0
36047005602,20.9
6037205120,35.6
36081094202,32.0
36061007300,16.1
36081113900,22.8
36047057800,21.2
6037127603,34.0
6037139502,23.3
6037106406,26.0
36047015500,18.5
36047063800,19.3
6037269601,30.1
6037211802,21.6
36081105900,21.3
36047036200,24.9
36047060600,20.5
6037194101,21.7
6037231400,33.4
36047055400,22.6
36005019900,33.8
6037134002,28.1
36061017402,26.0
36047056000,21.2
6037131010,27.1
36047004900,17.8
36081027200,34.9
36005033000,29.3
36047010600,17.6
36081037700,30.7
36061002100,15.2
36047037000,20.1
36081130100,21.0
36081092900,24.4
6037187200,26.9
36047114201,32.9
6037240900,36.3
6037139402,21.9
36081086400,27.5
36081014300,24.0
36061012200,15.9
6037203500,30.9
36005046201,29.5
36061012600,16.0
6037273502,22.9
36061012700,18.1
36047024400,24.5
36081098700,22.7
36047005201,20.9
36047086800,32.8
6037120010,30.0
6037221304,30.8
36047085400,31.1
6037186201,22.4
6037137302,21.7
6037204110,30.1
36081077500,22.0
36005028600,22.2
36047000100,20.5
6037237800,33.3
6037127220,29.0
36081122701,23.0
6037275603,22.1
36029003700,46.9
6037134104,23.9
6037192520,29.1
6037185310,29.7
36061013200,15.7
36061019100,19.6
36005028500,22.9
36081017600,31.6
36081070700,19.7
6037108102,20.2
36047033500,25.1
6037134424,21.0
6037143603,22.4
6037294302,33.1
6037229200,33.9
36081063500,26.4
36005008400,26.4
6037190700,26.5
6037207101,17.6
36047059100,18.9
6037234902,38.5
6037262400,19.9
6037242200,38.8
36005042800,29.8
36061024301,28.2
36047055700,18.9
36081147900,20.7
36061018400,30.9
6037113422,25.1
36047102600,28.5
6037208502,29.7
6037218120,28.7
36061020300,15.5
36047107800,31.8
36081007100,20.1
36047023400,26.9
36085019800,29.1
6037234200,29.8
36081054200,26.3
36029003600,47.2
36047047200,25.9
6037224420,34.7
36005044901,23.1
36005021800,32.5
6037232200,36.0
36047074400,20.4
36081045200,18.4
6037191302,26.5
6037222001,32.2
36085007400,29.4
6037264301,19.6
36061019800,25.0
36081013800,24.2
36085014606,28.5
36047039800,21.4
6037201200,30.0
36061008800,14.9
36047092800,29.5
36047066200,21.0
6037191120,28.0
36081017900,26.6
36005023502,32.9
36081073900,19.7
6037228220,35.6
36047073200,29.2
6037294610,32.1
6037135203,22.7
6037293306,25.1
36085018702,25.3
6037117101,22.2
6037134901,26.7
36047045000,25.5
36047000200,29.6
6037221602,35.0
36047112200,32.1
36005024501,36.9
36005023600,31.2
36061002601,23.9
36081086100,19.1
36081026000,34.4
36047013800,21.1
36081069300,23.8
6037209102,31.8
36047012600,21.2
6037113401,23.4
6037271701,19.7
6037203900,30.9
36081016800,26.9
36081052200,31.2
36085014700,27.3
6037211804,19.5
36081119300,20.9
36081052400,33.3
36005004200,34.4
6037191820,24.7
6037219902,34.4
36081122300,20.0
36047001500,23.5
6037135111,23.5
36061001501,15.9
6037238400,35.0
36081077905,21.4
6037106113,27.4
6037123420,30.7
6037128801,23.3
36081093800,30.1
6037265201,19.6
6037189903,22.5
6037240010,36.2
36081115700,19.5
36081016300,31.7
6037234501,34.1
36047011900,21.0
36047017000,19.7
36081094500,23.6
36029004001,46.0
36047009400,19.3
36081010300,23.4
36081146700,20.7
36081062700,26.2
36061012900,16.9
36081034700,28.7
6037267502,20.8
36005021002,29.7
36081096400,32.5
36061009200,14.5
36081010600,24.7
36085018902,27.3
36047007200,24.8
36047029000,20.4
6037119700,23.2
36047097000,29.1
36081079900,20.7
36047118600,26.4
6037239320,35.7
36081002400,28.1
6037106111,27.0
36081006100,21.7
36005042901,31.8
36047004300,18.5
6037240200,36.3
36047116200,33.7
6037107010,30.5
6037121801,31.8
36047059600,20.2
36005037900,38.1
36005034500,23.2
6037232800,37.3
36047017900,27.0
36047022600,25.7
36047023800,23.7
6037103200,27.5
6037207501,18.0
36081022002,23.5
36005002800,30.1
6037239602,38.0
6037211922,23.7
36047044400,23.3
6037189905,22.3
36047049800,17.6
36047017400,18.7
6037106114,31.5
36061003700,16.7
36047057300,19.9
36047072200,29.3
36085012500,34.8
36081055400,25.0
36047069200,26.0
36029005100,33.6
36047040300,30.9
36061018800,26.1
36061018300,17.4
36005006000,32.7
6037209300,30.0
36047012901,20.0
36005036800,32.4
36081009700,20.6
36047077000,29.6
36081161700,21.9
6037134521,31.6
36085019700,28.5
36081007300,20.9
36081124100,20.1
36029005900,39.0
6037183702,25.5
36047115600,35.4
6037273800,22.5
36081048400,24.8
36081120100,21.0
6037115104,22.9
36061011500,17.1
36005019400,27.5
36081053900,24.3
6037190301,25.9
36047117202,26.7
6037271500,20.1
36047044100,25.3
36081003300,21.6
36081012500,22.6
6037213310,26.6
36047005300,22.7
36061015601,16.2
6037128102,31.8
36047003800,20.0
36061022000,25.5
36047020100,21.5
6037207710,20.2
36085013201,28.3
36047119600,28.9
6037108104,21.7
6037181600,19.5
36081053200,33.8
36081071100,19.8
36081019400,31.7
36081099701,20.4
36081056000,24.7
36081048000,24.4
36081084900,22.4
36005040501,31.6
36081060800,32.2
36005005902,34.2
36005002702,36.6
6037106643,20.3
36061031703,15.4
36047005202,21.2
36047087401,33.2
6037181500,22.9
36081115100,20.3
36005022200,28.5
36047007600,27.5
36047046800,24.2
6037115301,21.6
36085002002,29.5
6037104103,28.2
36085020801,30.9
36085013203,29.3
36081103900,21.8
6037127400,30.1
6037237600,36.5
36047003000,20.4
36047026700,28.0
36047016200,20.6
6037127520,33.5
6037124300,30.1
36081145102,19.9
36029002702,44.7
36061030900,28.3
36047076200,24.1
6037137401,23.0
6037221110,35.7
6037275500,30.8
36081024000,31.0
6037199700,28.9
36005027900,24.2
36047118400,27.7
36081047500,19.2
36005020100,34.9
6037141304,23.3
36061004000,14.5
6037211701,18.4
36061012000,16.5
6037276000,21.9
6037201302,21.6
36029005202,33.8
36047114600,29.1
36047088600,34.3
36047017800,19.0
36005039600,33.3
36047043100,26.3
36047098600,30.0
36081099705,20.1
36005028100,23.5
36005025300,32.1
36047051602,30.5
36061014401,16.4
36047032800,24.3
36005031400,21.9
36081029400,33.1
36081071305,19.6
36085002100,35.2
6037201401,29.5
36081133300,20.0
36005034200,28.3
36047040100,29.8
36005035100,20.7
36047036501,35.4
36081040400,34.0
6037201402,27.9
36047059800,21.7
36005015800,24.5
36047111600,33.3
36081028300,25.4
36081014202,27.0
36081059400,31.7
36081099801,31.4
6037134904,27.0
6037276400,21.7
6037210010,31.2
36047036600,23.0
36047015000,19.5
36081049900,19.7
36047023500,24.7
36085018701,29.7
36047046201,20.6
36081058300,25.2
6037297500,24.2
6037106112,25.8
6037183510,27.7
36081026100,23.8
36047050700,29.9
36029003800,46.3
6037143700,22.2
36047014200,19.9
36061009900,18.1
6037208501,19.6
36029004401,44.0
36081004401,24.0
6037183401,24.7
6037106603,20.9
6037128400,25.4
36047087600,30.9
36047076800,22.0
6037201602,28.4
36047117201,29.2
36047019400,20.2
36081056700,26.4
36005042600,30.0
6037271400,21.7
6037134103,25.0
36047042000,20.7
36047069800,20.8
36081104700,21.2
36029005300,26.2
36047084600,30.0
36081077903,23.8
36005039700,19.6
36047014100,19.3
6037103102,24.7
36047086000,31.1
36047041900,28.3
36005013000,23.8
36081011500,21.4
6037113233,27.2
36081040200,34.3
36005006400,32.6
36061016700,16.6
36047073800,28.8
36047050300,19.2
36081051500,25.0
36047024000,24.6
6037127712,30.7
36047083200,30.6
6037294820,34.7
36005029500,20.3
36081103202,29.2
36047013000,23.7
36047020000,22.7
6037269000,20.4
6037211320,28.3
6037226700,34.9
6037296901,29.8
6037143400,21.9
36061017900,18.6
36047028300,32.6
36047008400,26.1
36081112300,20.0
36061027900,26.4
36047031400,20.0
36081062600,33.4
36081152902,19.7
36005022102,37.4
6037121210,25.2
36047075400,19.7
36061010602,14.9
36047043400,21.2
6037101210,31.1
36029006302,26.7
6037297201,28.7
6037980024,24.7
36081140902,18.2
36047039600,22.3
36047053000,23.6
36047029900,33.1
6037232600,34.6
36061009100,17.2
36029006100,39.6
6037209510,30.5
6037980010,26.8
36081005400,26.9
36061004300,15.8
36047053500,28.3
36081098100,23.0
36061023900,27.3
36047118800,23.1
6037104201,33.2
36081017400,29.8
6037135113,21.2
36061017200,28.4
36085005000,28.7
6037226002,32.2
6037119400,27.3
36047060800,21.0
36081064500,22.5
6037137402,22.7
6037238100,36.6
36047062800,22.0
36047016300,21.3
36061005502,17.3
36047061002,19.9
6037262706,21.3
36061001402,19.5
36047047700,17.7
36047076600,30.4
36061026900,26.6
36005044800,31.1
6037296220,34.0
36085029103,29.0
6037211120,19.0
36047069602,23.5
36081046900,25.8
36081029300,19.5
36047150200,19.3
6037243000,34.2
36081051100,23.4
6037132002,26.4
36081127700,20.9
36047039200,21.4
6037104610,32.1
36047077400,27.8
36047035000,22.4
36047039500,29.1
36047065400,20.2
36005042000,33.1
36081044302,24.8
6037232500,35.6
36047032300,29.4
36061016200,28.0
36081084602,32.0
36047043800,24.0
36081010400,25.0
6037195710,31.2
36081046300,24.7
36047049700,18.0
36047064000,18.3
36081015400,24.9
36047034100,30.8
36047005601,20.5
6037214700,21.0
36047003500,22.9
36047075000,21.6
6037113231,22.6
6037190802,29.2
36081035100,28.4
36047088400,33.0
6037113421,27.3
36047117602,29.4
36047050400,21.8
36047048200,22.0
36047037100,31.9
6037128302,32.5
6037291130,28.8
6037211201,29.8
36005040900,30.5
36029003901,45.9
36081101002,25.7
6037294830,34.3
36005046202,31.9
36081068200,33.9
6037296300,24.5
36081039800,30.8
36061021000,32.9
36047058200,20.9
6037236203,38.2
36047008200,26.5
36061007200,14.4
6037203600,31.4
36005005200,33.8
6037265100,20.0
36005013200,23.1
6037240402,37.1
6037297120,32.2
6037294701,35.3
36047102800,27.3
36085015601,28.4
6037183222,23.8
36081052600,33.8
36005036501,35.9
36081055500,28.7
36029005400,28.6
36029001900,30.0
36081061400,32.3
36029016300,39.8
6037211500,20.9
6037242000,36.9
6037208000,30.4
36047013500,18.6
36047073400,26.8
6037181300,20.3
36061018500,17.3
36047055300,17.2
36061001001,17.6
6037102105,29.8
36081061900,23.9
36047025400,18.5
36081043400,32.0
36047020400,21.3
36061016001,16.0
6037190100,23.4
36047083000,30.9
36005022902,34.1
36047053700,28.7
36081012100,21.6
36081068700,20.4
36081080900,22.1
6037109604,26.3
36029003301,43.5
36081015000,24.0
36081140300,17.9
36047055600,22.0
36081059200,32.5
6037269907,21.2
6037274202,23.2
36061000202,23.6
6037211000,19.7
36081055600,24.0
36081013000,25.3
36061022800,29.1
36005020502,35.5
6037119340,36.7
36085001700,34.3
6037191110,29.2
6037119310,28.6
36081004700,29.0
36047078800,34.9
6037124201,26.9
36047012100,21.3
6037127804,28.1
36047012000,16.4
36047105801,31.0
6037141700,20.9
36081032900,27.6
36081036100,32.8
36047053300,27.4
6037123303,29.5
36081033900,28.8
6037189400,22.0
36047094600,30.2
6037234700,35.9
6037101300,23.9
6037228720,35.1
36047110400,34.7
36047048800,23.2
6037124204,28.6
36081030903,23.2
36005011900,34.9
36085031902,40.7
6037115404,25.4
36081061000,31.2
36061024900,26.4
6037135202,23.2
6037104105,31.0
6037134001,29.8
36005026300,30.8
36085020804,28.1
36061013700,15.2
36029001700,41.7
36085027704,28.3
36047006300,18.5
36085017010,30.5
6037240300,36.0
36047026400,20.6
36047087800,32.8
36047056200,19.3
6037262802,20.3
6037275200,25.9
6037211703,21.3
6037199110,29.0
36081033402,34.3
6037213320,27.6
36061029900,31.6
36061005400,15.8
36047030500,23.7
36005021700,36.6
36061019702,24.2
6037237202,35.1
36047074600,21.9
36081049600,26.6
36061030300,23.1
6037195720,27.3
36047119000,29.7
36005025500,31.3
36047055800,20.7
6037104620,32.3
6037195202,21.5
36081047900,20.0
36005026400,23.9
36047080600,30.8
36047078600,30.7
36081055800,24.6
36081129103,22.4
6037232120,35.3
36047030800,21.1
36005030100,19.7
36081115500,23.0
36061010300,15.0
36047062000,19.5
36081025301,23.1
36047027300,31.3
36061005501,15.4
36061022700,26.6
6037104500,32.0
6037294301,27.5
6037131900,26.4
36061014601,15.0
6037134302,23.7
36047025200,19.0
36047016900,18.8
36081067700,22.7
36047099800,28.9
36047013900,19.3
36047093200,29.2
36029002400,38.2
6037102103,23.2
36047043300,29.5
36081014000,22.9
36081084000,27.2
36081027500,28.7
36005040800,32.7
6037241120,38.5
36061005800,14.0
36047014000,20.8
6037123104,30.4
36029007202,33.3
36081013400,25.7
6037106408,31.4
6037141400,22.2
36081071303,20.6
36047034500,32.7
36081087100,26.1
6037208401,30.1
6037192700,28.0
6037189300,20.8
36081047800,25.8
36005004001,26.9
36085017300,33.3
6037294810,34.5
6037228710,38.0
36081012800,26.4
36047079602,30.6
36047101000,26.4
36061012100,19.4
6037192001,22.6
36047057400,18.2
36047050100,18.9
36061019900,15.6
6037213100,23.6
36005016400,23.4
36047115800,31.4
6037272201,24.8
6037134423,23.2
6037218400,33.9
36081003100,25.5
36005028700,24.2
6037192002,22.7
6037278102,21.3
6037296500,32.4
36047077600,28.2
6037238320,37.1
36081018402,33.8
36061008601,13.5
36047000502,17.8
36047096400,28.4
36005042100,28.3
36081008100,24.2
36005024000,32.1
6037115302,31.1
36005025000,22.1
6037191610,29.2
36029006301,26.2
36047043500,26.6
36047027000,20.3
36081008600,25.6
36047015100,18.2
36005036100,33.9
36047003300,19.4
36047030200,18.4
36061018000,27.9
36047048600,21.4
6037217002,23.3
36047006000,20.7
36081150702,20.7
6037122121,29.5
6037191420,25.3
36085018100,27.0
36047041401,25.3
36081055200,27.0
36047001300,23.1
6037186302,25.5
36081040500,32.6
6037104320,31.2
36061025900,23.1
36047111800,34.9
36061017100,17.8
6037216700,27.8
6037239702,36.1
36081011000,26.9
36081027400,32.2
6037228320,35.7
6037101122,22.7
36029006701,30.2
36081011600,26.8
6037211410,21.7
6037124000,22.6
36005044400,30.1
36081059600,32.7
36081044000,32.9
36047065600,20.9
36081051700,26.9
36085017012,29.1
36029000200,36.1
36047030300,32.9
6037189701,21.5
36047117800,27.1
6037189600,23.4
6037123204,31.8
36047042600,20.5
6037212610,20.8
36047075800,20.1
6037273700,22.5
36061013500,20.5
36061008200,15.6
6037293202,31.0
6037123602,26.0
6037199202,29.5
36081019800,33.3
6037217100,28.5
6037236100,36.6
36047036502,35.3
6037273100,22.3
36047064600,19.9
36005007000,30.2
6037234800,33.1
6037201501,29.8
36047043700,27.7
36061007500,16.8
6037201601,26.6
36081027700,28.2
36085013302,38.9
6037113101,23.8
6037104404,33.6
36005003300,37.1
36081055700,27.5
36085022300,37.1
36061008300,20.9
36081015500,21.2
36047016700,17.8
36047051400,28.7
36005039901,33.7
6037219300,35.9
36081052500,26.4
36047040400,19.0
36081045400,21.5
36081055900,29.4
6037111302,21.9
36005014100,33.6
6037221900,22.5
36005038301,32.5
36085006400,32.3
36047080000,27.0
36005020601,26.5
36005043600,28.1
36047045800,20.6
36047088000,31.8
36085024700,32.6
6037207102,21.1
36047058800,19.1
6037294900,34.6
36081049200,29.1
36061010000,15.6
6037139503,24.4
36005016600,25.4
36061006900,15.5
6037127910,31.3
6037216401,23.1
36047007500,18.0
6037117408,34.2
36047090000,36.6
36081079702,20.7
36081064101,23.7
36081091900,24.4
36061008000,15.2
36047060000,20.3
36061009000,14.9
36081041100,29.4
36081002200,26.8
36047099600,30.3
6037117201,28.6
36081047000,26.9
36081109300,21.1
36085010500,32.9
36047044000,22.1
6037267403,20.5
36005024300,36.0
36005035600,30.0
36047112400,32.4
6037228310,33.9
36047117000,31.4
6037262200,19.3
36047018700,23.4
6037197300,23.6
36047013300,18.2
36005024800,22.2
36029006901,37.4
36081036300,31.4
6037186301,30.3
36061006800,14.9
36081145900,22.1
36005018301,30.4
36081072900,19.9
6037204600,34.6
36081033401,33.5
36081023800,28.7
6037131600,26.7
6037265510,19.7
36081148300,18.8
36047049900,18.5
36047047600,25.2
36005013100,33.5
36005026500,29.5
36061015001,16.9
36047019700,22.6
36047007100,30.2
6037218210,35.2
36081066400,31.8
36047005400,20.4
36061016002,15.4
36081025100,21.7
36061006700,15.5
36085007700,37.8
6037123206,32.5
36047030900,32.9
6037124400,24.0
36081077902,20.9
36047002100,18.1
36005040400,30.2
6037123510,28.7
36081085300,18.2
6037229410,37.8
6037211921,23.9
36061012500,13.9
36081018300,22.5
6037297602,27.2
6037276601,21.4
6037120105,31.0
36047119400,33.7
6037191500,27.3
36047102200,27.1
6037194401,21.3
36081077904,21.5
36081021400,26.9
36047119200,30.7
36047072400,30.0
6037117520,34.1
6037206031,18.9
6037273402,23.3
36047049200,23.2
36081060300,25.9
36029005801,37.4
36005004600,34.5
36047078400,29.0
36081093401,22.6
36047006600,21.4
6037265700,21.1
6037293304,27.7
36047081800,27.9
36005002000,35.1
36061007900,17.8
6037236000,29.5
36081003800,28.1
36081063000,32.3
36029006501,29.1
36047115000,33.7
6037275101,22.8
36047123700,30.0
36047038100,32.3
36047081000,30.4
6037123304,29.8
36047050900,30.7
36047093800,30.4
6037138000,23.4
36081026901,25.3
6037272301,23.2
6037192420,21.2
6037192300,19.7
36047152200,21.2
36029002800,47.9
36029005000,30.2
6037120030,34.2
6037291120,33.3
6037232110,37.0
6037264102,19.9
36047017100,18.2
36061020800,26.0
36085015602,27.8
36081006202,27.5
6037108101,21.1
6037231600,34.9
6037211704,19.6
36081092200,20.9
6037106641,21.5
36081015801,29.1
6037229300,37.6
36047050000,18.4
6037221401,35.7
36047010200,18.6
36081000200,26.3
6037141102,23.1
36029003302,45.6
6037181000,20.8
6037106520,30.2
6037106010,28.5
36047021900,27.2
36061009500,15.3
6037293301,19.9
6037212501,25.2
6037197700,20.6
36047018400,18.7
36047038900,23.5
6037141600,21.0
36061022500,25.5
36047046000,21.6
6037131300,27.3
36005032800,29.6
6037212204,32.0
36047107000,30.3
6037191902,22.7
6037261101,21.5
36047051700,18.0
6037119320,28.7
6037218701,30.4
6037183620,28.3
36047036001,25.0
36085012200,27.9
36081004200,26.3
36061009800,16.0
36047042300,25.3
6037127300,27.1
36029016700,33.5
36081099704,20.6
6037261102,20.9
6037183221,28.1
36061009700,20.5
36005036300,36.5
6037104124,26.9
36085004000,36.5
36047044300,24.7
36061006500,14.7
36061024500,26.0
36081018600,35.5
6037183610,30.7
6037265410,22.4
6037128500,24.2
36005007500,33.9
36047020500,20.9
36061023200,31.6
6037214100,22.0
36047029200,20.9
36081030904,25.7
6037240401,36.0
36005036000,27.9
36005018102,35.5
36081066501,23.6
36047089800,33.4
36005026900,29.7
36081072100,23.7
36061004700,16.3
36081070900,19.2
36081037100,31.0
36005001600,32.1
6037134720,25.8
36047040200,20.3
36081007900,25.3
36029005500,36.6
6037134304,23.3
6037113303,24.4
36029005600,39.0
6037111204,20.0
36005012101,33.4
36081150701,19.6
36081002800,29.7
36081044301,31.0
36081017200,28.9
36047013600,20.2
6037216800,23.6
36081059300,24.8
36047035900,35.9
36047027800,19.1
6037137103,21.7
6037139802,22.4
36047041500,28.4
36047028600,21.9
36047056800,20.3
36081065000,31.4
36081081400,31.8
6037106604,32.4
36047023000,27.4
36081003200,28.3
36085021300,35.1
36061017401,31.0
6037194102,22.6
36061014000,16.3
36081010000,26.8
36081079200,31.0
36081133900,19.0
6037221302,31.6
36081066300,22.3
36047028400,20.9
36047042500,21.2
6037115202,21.8
6037241002,33.5
36005016700,36.4
36061010100,17.1
6037143902,20.8
36047025600,19.2
36061025500,20.4
6037237710,35.7
36047099000,28.8
6037125502,23.1
6037195903,23.8
6037296902,28.8
6037191410,31.1
6037123103,27.9
36081027600,34.3
6037228500,34.7
36061003602,19.3
6037271901,22.1
36005037800,33.8
36061003200,16.3
36047115200,31.6
6037212102,24.3
6037239310,35.2
36081050800,33.4
36085001100,38.0
6037125501,25.8
36047029100,30.2
6037122410,33.5
36061029500,21.3
36047098800,27.8
36005033202,28.2
6037191710,31.1
36081076901,20.8
36047052000,23.4
6037204820,32.0
36061011100,17.3
36047000700,17.7
36081045800,19.1
36085018901,29.5
36081024300,22.6
36061007700,16.6
36061027500,17.9
36081022001,24.6
36047091600,36.7
36047005100,19.2
36081099802,32.8
36081018401,33.7
36081060100,26.5
36029000800,30.5
36081046000,28.1
36047029300,32.7
6037234502,35.4
36081041300,29.9
6037104204,32.1
36029017100,40.2
36047009000,21.7
36005037000,33.0
36005030000,22.8
36005005002,35.2
36005015200,25.9
36081067900,26.3
36081056500,29.6
6037135201,21.9
6037106020,28.1
6037125100,25.6
6037128210,36.0
36005015300,35.4
36061020600,30.5
36081016900,22.7
36005016200,24.4
6037218600,32.8
36029002300,37.3
36047021100,26.4
6037293307,29.6
6037113213,22.4
36047007400,26.7
36047037401,21.0
6037113211,22.1
36047028200,19.5
36005048400,30.4
36085003300,30.3
36047036002,23.5
6037121101,28.8
6037264103,21.0
36047102400,25.7
36061014200,16.6
36005015700,34.5
36085024800,30.4
36005012701,34.8
36081044601,29.9
6037189800,24.1
36047101400,28.2
36005036902,37.0
36085025100,28.2
6037192410,22.0
6037216300,20.9
36061004900,16.4
36047025000,18.0
36047053200,20.2
6037139401,23.9
36005025400,23.3
36081061602,31.0
6037216100,22.0
36005030701,19.7
36061008603,15.8
36047021200,20.5
36081068000,33.0
36061003002,19.8
36081047200,23.5
36081015900,25.2
36047020200,19.2
6037134800,24.4
36047015300,18.5
6037211122,25.7
36081014500,24.2
36047038200,29.4
6037219500,26.1
36081134100,18.3
36081035800,34.2
36047058400,20.6
36061015300,15.9
36061015200,19.6
36005035900,36.1
6037106646,23.2
36047028900,31.0
36005025600,28.2
36081004002,25.7
6037242600,40.2
6037222002,34.4
36005022404,25.5
36081054500,28.8
36047041600,24.1
36061009600,13.7
36081071900,24.0
6037190401,24.1
36005021100,35.6
36005039500,34.4
36047051500,17.0
6037211202,26.7
6037131702,26.8
36081070300,23.3
36081027300,28.9
36047051601,30.5
36081085500,21.6
6037123020,30.8
36005042200,31.0
36047053100,28.2
36081120300,19.3
36081126700,20.1
36005028400,33.7
6037267902,21.2
6037267100,20.6
36047040600,20.1
6037195803,24.8
36005004300,35.9
36081035700,31.0
6037275302,22.0
36047050803,30.5
36081108500,21.8
36081005800,26.7
6037294620,32.1
36029006902,33.9
6037183220,26.9
6037111301,23.3
36081028700,24.4
6037132001,25.3
36061005200,14.9
6037208802,26.9
36047117400,29.4
36005031600,23.2
6037217001,22.8
6037221402,31.2
36047023100,22.9
36005004100,38.3
36005028800,23.2
36005007200,27.6
6037216900,25.8
6037224320,35.1
6037276100,27.1
36047058000,19.5
6037185202,26.1
36005000200,29.4
36085009700,33.7
36061002800,22.4
6037243100,39.5
36047061600,19.4
36047012801,19.7
6037120108,33.4
6037227010,36.7
36047038800,21.1
36047061004,23.7
36047032900,31.4
36081079000,32.4
36005024400,23.5
36061011203,15.4
36047019600,23.0
36081065702,24.8
36047011200,27.2
36005014400,33.5
36005038000,36.7
36081024500,23.1
36005024600,23.3
6037132102,26.5
6037139600,22.2
36005029301,20.0
6037204920,33.7
6037275602,19.4
6037139303,26.2
36081003400,30.0
36061021100,19.8
36047045400,21.2
6037241202,36.6
36005032400,36.3
36005037200,30.5
6037119800,25.6
36047011800,17.3
6037221601,32.0
36047030700,38.5
36005003100,31.8
36081025500,20.0
36005021001,29.9
36005024700,33.5
36047018200,18.8
36005022701,33.4
6037199300,28.1
36061023300,25.8
6037201301,30.5
36081046500,27.6
6037134101,25.6
36005006200,35.5
36061000600,20.4
6037222600,31.3
36047010400,17.3
36047112000,33.8
6037108201,17.1
36005041400,30.5
6037128220,31.3
36005051600,22.0
6037294520,31.5
36005009800,27.0
36005009300,34.8
36081051300,23.2
36005016000,24.2
36047098400,28.8
36061015002,15.9
36081137700,19.3
36081012602,27.1
36085004700,24.0
6037240020,36.1
36081090700,25.0
36029016800,46.6
6037212702,20.1
36061003100,13.3
6037103400,26.0
36047081400,32.5
36047037402,23.2
36085027702,29.0
6037267402,19.9
36047010100,23.9
36081023500,26.1
36029000900,30.8
6037191901,23.4
36047025300,30.6
6037119201,29.3
6037115101,21.8
36081046100,23.5
36005018900,34.1
36081073100,19.5
36047037300,33.4
6037207103,19.2
6037121900,29.7
36061018100,18.2
6037214501,18.6
36047005800,22.6
36085020100,29.8
