GEOID,obesity_cr
6037127605,33.5
6037271701,19.7
6037276000,21.9
6037213202,27.4
6037239601,35.8
6037189702,23.0
6037113234,26.6
6037216100,22.0
6037104310,31.0
6037123304,29.8
6037270300,27.3
6037183510,27.7
6037134720,25.8
6037185202,26.1
6037234800,33.1
6037273402,23.3
6037137402,22.7
6037186401,29.7
6037134302,23.7
6037241400,36.9
6037194102,22.6
6037208802,26.9
6037121222,32.3
6037267300,20.4
6037274202,23.2
6037185203,31.0
6037204920,33.7
6037119341,26.2
6037297000,24.6
6037224320,35.1
6037137104,23.3
6037128400,25.4
6037123410,29.3
6037103300,23.0
6037104403,31.1
6037294200,30.1
6037242000,36.9
6037125200,26.1
6037234200,29.8
6037134800,24.4
6037201601,26.6
6037229420,36.3
6037242300,37.3
6037131400,26.1
6037189201,24.2
6037271801,23.0
6037212800,25.3
6037190520,28.6
6037189701,21.5
6037241202,36.6
6037134521,31.6
6037265420,19.0
6037106603,20.9
6037106642,22.5
6037127102,29.8
6037267700,18.8
6037186201,22.4
6037128910,22.9
6037121210,25.2
6037231720,33.2
6037141400,22.2
6037294301,27.5
6037204910,33.8
6037190901,30.7
6037235201,36.0
6037134103,25.0
6037207710,20.2
6037115101,21.8
6037191410,31.1
6037197600,23.1
6037106010,28.5
6037134905,22.3
6037294610,32.1
6037203300,33.1
6037113212,23.0
6037190401,24.1
6037134306,25.5
6037211310,30.4
6037231800,37.4
6037228710,38.0
6037211921,23.9
6037231900,37.3
6037124400,24.0
6037141600,21.0
6037212305,30.1
6037217200,29.1
6037186403,25.3
6037123206,32.5
6037195500,21.2
6037269100,21.0
6037125320,26.9
6037122122,32.5
6037197300,23.6
6037113401,23.4
6037191203,29.8
6037115104,22.9
6037141303,22.1
6037124204,28.6
6037189600,23.4
6037214901,21.9
6037238310,39.1
6037264102,19.9
6037131600,26.7
6037203200,32.0
6037224310,35.6
6037131010,27.1
6037192002,22.7
6037241002,33.5
6037101400,25.3
6037235100,31.4
6037212502,20.6
6037183810,31.2
6037208401,30.1
6037191204,28.3
6037294302,33.1
6037183620,28.3
6037104105,31.0
6037241110,36.0
6037190301,25.9
6037111205,20.1
6037237101,37.3
6037134710,29.3
6037294810,34.5
6037269300,20.0
6037109100,23.6
6037134104,23.9
6037119201,29.3
6037132102,26.5
6037262501,20.8
6037108101,21.1
6037123010,35.5
6037269601,30.1
6037218220,31.3
6037231710,37.6
6037238000,34.8
6037293201,24.9
6037269500,20.1
6037211701,18.4
6037181300,20.3
6037134101,25.6
6037122000,24.0
6037194402,22.1
6037211802,21.6
6037240600,37.8
6037143602,21.9
6037189400,22.0
6037101122,22.7
6037123420,30.7
6037121101,28.8
6037243100,39.5
6037121802,30.9
6037123520,27.5
6037275102,28.4
6037139802,22.4
6037199000,25.6
6037291300,18.6
6037189300,20.8
6037106643,20.3
6037212610,20.8
6037207900,18.8
6037192410,22.0
6037191302,26.5
6037117510,33.3
6037276400,21.7
6037119900,24.5
6037120300,25.2
6037109601,24.9
6037199201,28.6
6037183103,27.2
6037128101,28.9
6037221820,17.9
6037191901,23.4
6037117101,22.2
6037261101,21.5
6037209102,31.8
6037104320,31.2
6037104124,26.9
6037117407,35.4
6037195201,22.8
6037189800,24.1
6037294830,34.3
6037237720,38.5
6037195802,24.1
6037277000,20.3
6037185310,29.7
6037191820,24.7
6037141700,20.9
6037218702,34.1
6037195710,31.2
6037137103,21.7
6037218210,35.2
6037197700,20.6
6037101220,29.2
6037106407,32.8
6037187300,21.6
6037123203,32.7
6037128802,21.5
6037209820,36.7
6037206010,26.1
6037139200,24.7
6037214000,21.4
6037115403,26.8
6037265303,20.1
6037271300,21.0
6037201301,30.5
6037211320,28.3
6037212702,20.1
6037195903,23.8
6037132002,26.4
6037273800,22.5
6037216200,23.5
6037211703,21.3
6037213100,23.6
6037125502,23.1
6037104821,30.1
6037221401,35.7
6037241120,38.5
6037293307,29.6
6037195804,24.6
6037183610,30.7
6037237500,37.0
6037139302,27.7
6037261200,21.1
6037269907,21.2
6037296901,29.8
6037271100,20.8
6037135203,22.7
6037224410,24.6
6037204410,33.3
6037127803,30.8
6037185100,25.3
6037262301,19.0
6037222600,31.3
6037224700,21.4
6037189500,24.2
6037294410,30.5
6037102103,23.2
6037274100,21.2
6037187200,26.9
6037208610,21.6
6037234300,33.6
6037271901,22.1
6037203100,33.9
6037211201,29.8
6037111100,24.2
6037199120,29.7
6037104620,32.3
6037107010,30.5
6037111302,21.9
6037294510,31.8
6037143100,23.1
6037209810,34.1
6037106648,31.9
6037236100,36.6
6037133100,24.7
6037141202,22.7
6037240402,37.1
6037189202,20.7
6037265100,20.0
6037293301,19.9
6037212204,32.0
6037297400,22.2
6037204110,30.1
6037207301,26.3
6037185204,22.5
6037137401,23.0
6037201401,29.5
6037103102,24.7
6037119202,29.3
6037209510,30.5
6037195720,27.3
6037296402,26.2
6037194500,20.7
6037211922,23.7
6037139503,24.4
6037131701,26.7
6037135102,22.4
6037204300,35.5
6037113303,24.4
6037139702,20.8
6037208301,33.0
6037120103,36.5
6037241001,34.2
6037123020,30.8
6037204200,32.8
6037107020,28.2
6037199110,29.0
6037231500,34.2
6037272201,24.8
6037212620,23.5
6037294820,34.7
6037237800,33.3
6037211804,19.5
6037232700,36.6
6037201602,28.4
6037189905,22.3
6037143902,20.8
6037137504,22.0
6037204600,34.6
6037104822,30.4
6037261102,20.9
6037240700,33.6
6037199700,28.9
6037228720,35.1
6037234902,38.5
6037220100,33.6
6037127806,31.9
6037117520,34.1
6037117201,28.6
6037294520,31.5
6037206032,29.5
6037239502,36.9
6037113237,22.8
6037109604,26.3
6037185320,32.5
6037272202,25.5
6037232500,35.6
6037212101,20.5
6037111206,21.9
6037265510,19.7
6037234000,32.6
6037113233,27.2
6037183820,33.7
6037192510,23.5
6037120020,31.8
6037242700,36.6
6037106408,31.4
6037117530,29.3
6037238200,35.3
6037276100,27.1
6037236203,38.2
6037201302,21.6
6037294900,34.6
6037234700,35.9
6037197410,23.5
6037195902,23.9
6037214501,18.6
6037108104,21.7
6037141500,21.1
6037294110,31.7
6037109400,26.2
6037123303,29.5
6037199800,27.4
6037192700,28.0
6037232600,34.6
6037273200,26.7
6037275603,22.1
6037234501,34.1
6037272100,24.3
6037262802,20.3
6037218110,30.0
6037228420,35.6
6037267501,22.0
6037273502,22.9
6037134303,24.1
6037192520,29.1
6037183520,30.8
6037228800,35.8
6037124903,25.0
6037229200,33.9
6037122420,29.7
6037227010,36.7
6037108103,18.9
6037120104,29.2
6037135113,21.2
6037131200,25.9
6037229410,37.8
6037208402,27.7
6037273100,22.3
6037121221,28.8
6037181500,22.9
6037141302,21.9
6037195300,23.2
6037120400,25.1
6037297110,33.0
6037236400,31.0
6037143800,21.6
6037123602,26.0
6037108202,18.0
6037267902,21.2
6037273902,22.1
6037128602,24.9
6037121900,29.7
6037207501,18.0
6037139600,22.2
6037239602,38.0
6037117302,23.2
6037239320,35.7
6037192001,22.6
6037127210,30.2
6037195600,26.3
6037241201,35.6
6037217001,22.8
6037271802,21.0
6037113321,23.8
6037296210,33.8
6037119340,36.7
6037199202,29.5
6037231600,34.9
6037190100,23.4
6037267200,19.6
6037113232,22.6
6037128500,24.2
6037102105,29.8
6037262706,21.3
6037134423,23.2
6037197420,26.3
6037218500,32.7
6037137501,22.4
6037206050,31.0
6037124000,22.6
6037216800,23.6
6037218600,32.8
6037222200,34.5
6037123103,27.9
6037213320,27.6
6037192610,29.4
6037119320,28.7
6037191720,33.2
6037272302,26.6
6037120107,35.3
6037127712,30.7
6037187101,23.4
6037109700,23.6
6037219901,34.5
6037214700,21.0
6037139502,23.3
6037141102,23.1
6037240401,36.0
6037201200,30.0
6037221110,35.7
6037131900,26.4
6037117301,23.6
6037211410,21.7
6037141101,22.8
6037133000,27.5
6037115302,31.1
6037213402,30.3
6037265305,19.0
6037237402,34.2
6037222100,31.3
6037273300,27.5
6037262704,22.4
6037199900,30.3
6037237401,36.5
6037124600,23.0
6037191620,30.0
6037294120,33.7
6037219010,33.6
6037121010,26.7
6037123800,26.7
6037231100,40.9
6037262100,21.1
6037134522,33.1
6037143400,21.9
6037143200,23.5
6037236000,29.5
6037123700,25.8
6037139504,24.9
6037241300,36.4
6037204700,31.0
6037101110,26.9
6037124300,30.1
6037125600,23.9
6037239202,35.8
6037271902,22.1
6037106111,27.0
6037296220,34.0
6037127805,27.9
6037139301,23.1
6037128702,22.7
6037183300,24.5
6037131702,26.8
6037125310,27.0
6037277100,21.7
6037108201,17.1
6037267502,20.8
6037113422,25.1
6037189903,22.5
6037238100,36.6
6037232200,36.0
6037183402,23.4
6037101210,31.1
6037104610,32.1
6037191902,22.7
6037212306,23.1
6037106646,23.2
6037213401,30.2
6037205120,35.6
6037980024,24.7
6037117102,26.9
6037186203,22.2
6037291120,33.3
6037214902,20.0
6037296300,24.5
6037226420,34.8
6037238320,37.1
6037203720,36.1
6037101300,23.9
6037197500,23.7
6037212900,27.9
6037210010,31.2
6037123902,25.2
6037207302,26.7
6037262601,20.2
6037212420,25.9
6037128801,23.3
6037228900,38.5
6037275101,22.8
6037106649,24.7
6037109603,28.3
6037218701,30.4
6037127520,33.5
6037229100,34.3
6037271702,18.8
6037264302,19.9
6037270200,26.7
6037243000,34.2
6037123901,29.8
6037221120,35.0
6037219020,32.7
6037228210,36.8
6037203710,34.7
6037218120,28.7
6037204120,32.2
6037119001,26.4
6037117303,24.0
6037239702,36.1
6037119400,27.3
6037127711,27.4
6037295103,22.5
6037181400,22.5
6037183701,28.5
6037190902,30.5
6037131100,27.0
6037211910,26.7
6037269906,20.1
6037239801,35.9
6037194101,21.7
6037980010,26.8
6037106112,25.8
6037220000,34.1
6037291220,28.8
6037237300,34.9
6037128601,28.8
6037124105,29.4
6037276500,17.6
6037226410,36.6
6037141304,23.3
6037122121,29.5
6037117404,26.1
6037181600,19.5
6037296401,23.3
6037293302,25.8
6037275400,20.4
6037122200,29.4
6037195100,20.7
6037125401,23.5
6037239201,36.1
6037237202,35.1
6037127920,29.6
6037294421,30.8
6037199400,28.3
6037122410,33.5
6037143604,20.9
6037103101,24.7
6037269903,21.8
6037219700,33.7
6037191500,27.3
6037181000,20.8
6037221210,30.9
6037237600,36.5
6037123601,27.1
6037203600,31.4
6037186301,30.3
6037119700,23.2
6037218900,35.7
6037211122,25.7
6037239501,36.1
6037212102,24.3
6037106405,33.3
6037137301,22.3
6037216401,23.1
6037201503,32.2
6037127104,30.7
6037271400,21.7
6037271500,20.1
6037135201,21.9
6037113102,21.4
6037104103,28.2
6037191610,29.2
6037221602,35.0
6037143500,23.3
6037240500,37.7
6037296600,33.0
6037221402,31.2
6037296902,28.8
6037271200,20.6
6037201504,30.8
6037269000,20.4
6037211202,26.7
6037134421,21.0
6037127300,27.1
6037192300,19.7
6037277200,28.3
6037211000,19.7
6037215101,20.4
6037212410,22.3
6037104108,29.6
6037237201,33.8
6037206031,18.9
6037134002,28.1
6037269800,22.3
6037222002,34.4
6037207102,21.1
6037208620,25.2
6037120030,34.2
6037189101,21.5
6037208502,29.7
6037231220,36.5
6037226002,32.2
6037294701,35.3
6037267403,20.5
6037226001,37.5
6037106641,21.5
6037203900,30.9
6037106403,28.5
6037294620,32.1
6037104204,32.1
6037131300,27.3
6037218300,31.6
6037127400,30.1
6037201700,26.2
6037214400,21.3
6037234600,34.5
6037224020,35.9
6037228600,37.8
6037269602,29.0
6037270100,21.0
6037267404,21.5
6037204420,35.6
6037106114,31.5
6037183401,24.7
6037139401,23.9
6037125100,25.6
6037297602,27.2
6037206200,28.9
6037201402,27.9
6037275311,21.4
6037222001,32.2
6037224200,34.9
6037123510,28.7
6037234901,41.6
6037191710,31.1
6037134201,26.3
6037188100,25.2
6037204820,32.0
6037102107,24.5
6037131020,27.8
6037134901,26.7
6037262400,19.9
6037221710,29.9
6037106113,27.4
